"checkup_id","blood_pressure","temperature","heart_rate","blood_sugar","symptoms","diagnosis","notes","insights","gap_analysis","checkup_created_at","checkup_updated_at","department_name","patient_dob","patient_blood_group","patient_medical_history","patient_allergies","patient_address","patient_gender","prescription","test_recommendations","prescription_list","test_list","symptom_list","diagnosis_list","note_list","bp_parsed","fhir_bundle_json","prescription_summary","test_summary","fhir_validation_status","enrichment_version","validated_at","validation_error","batch_id","batch_start_ts","batch_end_ts","ingest_ts","ingest_date"
"1","158/95","98.6","88","105","Intermittent chest discomfort on exertion, shortness of breath when climbing stairs, occasional palpitations. BP has been elevated for past 2 months.","Essential Hypertension Stage 2 with suspected stable angina. Requires further cardiac workup.","Patient is a 34-year-old male presenting with classic hypertensive symptoms. Family history positive for cardiac disease (father). BP measured at 158/95 mmHg. Heart sounds normal, no murmurs. ECG shows mild LVH. Started on initial antihypertensive therapy. Advised lifestyle modifications and follow-up in 2 days with lab results.",\N,\N,"""2026-01-01 00:00:00""","""2026-01-31 08:59:29.221000""","Cardiology","""1990-05-15 00:00:00""","O+","Hypertension diagnosed in 2020","Penicillin","House 123, Block A, Gulshan-e-Iqbal, Karachi","MALE","{""id"": 1, ""created_at"": ""2026-01-31T08:59:29.202"", ""medications"": [{""id"": 1, ""drug"": {""id"": 16, ""name"": ""Concor 5mg"", ""strength"": ""5mg"", ""description"": ""Beta-blocker for hypertension and heart failure"", ""dosage_form"": ""Tablet"", ""formula_name"": ""Bisoprolol"", ""chemical_formula"": ""C18H31NO4""}, ""total_days"": 30, ""instructions"": ""Take in the morning with breakfast"", ""times_per_day"": 1, ""dose_per_intake"": ""5mg""}, {""id"": 2, ""drug"": {""id"": 2, ""name"": ""Disprin 300mg"", ""strength"": ""300mg"", ""description"": ""Pain reliever, fever reducer, and anti-inflammatory"", ""dosage_form"": ""Tablet"", ""formula_name"": ""Aspirin"", ""chemical_formula"": ""C9H8O4""}, ""total_days"": 30, ""instructions"": ""Take after lunch"", ""times_per_day"": 1, ""dose_per_intake"": ""75mg""}], ""additional_medications"": ""Reduce salt intake to less than 5g/day, avoid strenuous exercise until follow-up""}","{""id"": 1, ""created_at"": ""2026-01-31T08:59:29.212"", ""additional_tests"": ""Follow up with Lipid Profile, Complete Blood Count (CBC), Kidney Function Test within 1 week"", ""recommended_tests"": [{""id"": 2, ""lab_test"": {""id"": 1, ""name"": ""Complete Blood Count (CBC)"", ""description"": ""Comprehensive analysis of blood cells"", ""department_id"": 7}}, {""id"": 1, ""lab_test"": {""id"": 2, ""name"": ""Lipid Profile"", ""description"": ""Cholesterol and lipid analysis"", ""department_id"": 1}}, {""id"": 3, ""lab_test"": {""id"": 5, ""name"": ""Kidney Function Test"", ""description"": ""Renal function markers"", ""department_id"": 7}}]}","[]","[]","[""Intermittent chest discomfort on exertion"", ""shortness of breath when climbing stairs"", ""occasional palpitations. BP has been elevated for past 2 months.""]","[""Essential Hypertension Stage 2 with suspected stable angina. Requires further cardiac workup.""]","[""Patient is a 34-year-old male presenting with classic hypertensive symptoms. Family history positive for cardiac disease (father). BP measured at 158/95 mmHg. Heart sounds normal"", ""no murmurs. ECG shows mild LVH. Started on initial antihypertensive therapy. Advised lifestyle modifications and follow-up in 2 days with lab results.""]","{""systolic"": ""158"", ""diastolic"": ""95"", ""original"": ""158/95""}","{""resourceType"": ""Bundle"", ""type"": ""collection"", ""timestamp"": ""2026-01-01T00:00:00+00:00"", ""entry"": [{""resource"": {""resourceType"": ""Patient"", ""id"": ""patient-1"", ""gender"": ""male"", ""birthDate"": ""1990-05-15"", ""address"": [{""text"": ""House 123, Block A, Gulshan-e-Iqbal, Karachi""}], ""extension"": [{""url"": ""http://example.org/fhir/StructureDefinition/blood-group"", ""valueString"": ""O+""}]}}, {""resource"": {""resourceType"": ""AllergyIntolerance"", ""patient"": {""reference"": ""Patient/patient-1""}, ""clinicalStatus"": {""coding"": [{""code"": ""active""}]}, ""code"": {""text"": ""Penicillin""}}}, {""resource"": {""resourceType"": ""Condition"", ""subject"": {""reference"": ""Patient/patient-1""}, ""clinicalStatus"": {""text"": ""resolved""}, ""category"": [{""text"": ""Medical History""}], ""code"": {""text"": ""Hypertension diagnosed in 2020""}}}, {""resource"": {""resourceType"": ""Encounter"", ""id"": ""1"", ""status"": ""finished"", ""subject"": {""reference"": ""Patient/patient-1""}, ""location"": [{""period"": {""end"": ""2026-01-01T00:00:00+00:00""}}], ""serviceType"": {""text"": ""Cardiology""}}}, {""resource"": {""resourceType"": ""Observation"", ""status"": ""final"", ""code"": {""text"": ""Temperature""}, ""subject"": {""reference"": ""Patient/patient-1""}, ""effectiveDateTime"": ""2026-01-01T00:00:00+00:00"", ""valueString"": ""98.6""}}, {""resource"": {""resourceType"": ""Observation"", ""status"": ""final"", ""code"": {""text"": ""Systolic blood pressure""}, ""subject"": {""reference"": ""Patient/patient-1""}, ""effectiveDateTime"": ""2026-01-01T00:00:00+00:00"", ""valueString"": ""158""}}, {""resource"": {""resourceType"": ""Observation"", ""status"": ""final"", ""code"": {""text"": ""Diastolic blood pressure""}, ""subject"": {""reference"": ""Patient/patient-1""}, ""effectiveDateTime"": ""2026-01-01T00:00:00+00:00"", ""valueString"": ""95""}}, {""resource"": {""resourceType"": ""Observation"", ""status"": ""final"", ""code"": {""text"": ""Blood sugar""}, ""subject"": {""reference"": ""Patient/patient-1""}, ""effectiveDateTime"": ""2026-01-01T00:00:00+00:00"", ""valueString"": ""105""}}, {""resource"": {""resourceType"": ""Observation"", ""status"": ""final"", ""code"": {""text"": ""Heart rate""}, ""subject"": {""reference"": ""Patient/patient-1""}, ""effectiveDateTime"": ""2026-01-01T00:00:00+00:00"", ""valueString"": ""88""}}, {""resource"": {""resourceType"": ""Observation"", ""status"": ""final"", ""code"": {""text"": ""Symptom""}, ""subject"": {""reference"": ""Patient/patient-1""}, ""effectiveDateTime"": ""2026-01-01T00:00:00+00:00"", ""valueString"": ""Intermittent chest discomfort on exertion""}}, {""resource"": {""resourceType"": ""Observation"", ""status"": ""final"", ""code"": {""text"": ""Symptom""}, ""subject"": {""reference"": ""Patient/patient-1""}, ""effectiveDateTime"": ""2026-01-01T00:00:00+00:00"", ""valueString"": ""shortness of breath when climbing stairs""}}, {""resource"": {""resourceType"": ""Observation"", ""status"": ""final"", ""code"": {""text"": ""Symptom""}, ""subject"": {""reference"": ""Patient/patient-1""}, ""effectiveDateTime"": ""2026-01-01T00:00:00+00:00"", ""valueString"": ""occasional palpitations. BP has been elevated for past 2 months.""}}, {""resource"": {""resourceType"": ""Condition"", ""subject"": {""reference"": ""Patient/patient-1""}, ""clinicalStatus"": {""text"": ""active""}, ""code"": {""text"": ""Essential Hypertension Stage 2 with suspected stable angina. Requires further cardiac workup.""}}}, {""resource"": {""resourceType"": ""DocumentReference"", ""type"": {""text"": ""Clinical note""}, ""status"": ""current"", ""content"": [{""attachment"": {""title"": ""Patient is a 34-year-old male presenting with classic hypertensive symptoms. Family history positive for cardiac disease (father). BP measured at 158/95 mmHg. Heart sounds normal""}}]}}, {""resource"": {""resourceType"": ""DocumentReference"", ""type"": {""text"": ""Clinical note""}, ""status"": ""current"", ""content"": [{""attachment"": {""title"": ""no murmurs. ECG shows mild LVH. Started on initial antihypertensive therapy. Advised lifestyle modifications and follow-up in 2 days with lab results.""}}]}}], ""meta"": {""extension"": [{""url"": ""http://example.org/fhir/StructureDefinition/original"", ""valueString"": ""{\""prescription_raw\"": [], \""test_recommendations_raw\"": [], \""notes_raw\"": [\""Patient is a 34-year-old male presenting with classic hypertensive symptoms. Family history positive for cardiac disease (father). BP measured at 158/95 mmHg. Heart sounds normal\"", \""no murmurs. ECG shows mild LVH. Started on initial antihypertensive therapy. Advised lifestyle modifications and follow-up in 2 days with lab results.\""], \""insights_raw\"": null, \""gap_analysis_raw\"": null, \""patient_medical_history_raw\"": \""Hypertension diagnosed in 2020\"", \""patient_allergies_raw\"": \""Penicillin\""}""}]}}","","","INVALID","v2","20260131T170208","2 validation errors for Bundle
entry.3.resource.location.0.location
  Field required [type=missing, input_value={'period': {'end': '2026-01-01T00:00:00+00:00'}}, input_type=dict]
    For further information visit https://errors.pydantic.dev/2.11/v/missing
entry.3.resource.serviceType
  Input should be a valid list [type=list_type, input_value={'text': 'Cardiology'}, input_type=dict]
    For further information visit https://errors.pydantic.dev/2.11/v/list_type","20260131T170145-c7c55663","2025-01-31T16:17:15+05:00","2026-01-31T17:01:23+05:00","2026-01-31 12:02:07.648945","2026-01-31"
"2","145/90","98.4","78","98","Feeling better after starting medication. Less chest discomfort. Still occasional morning headaches.","Essential Hypertension - partially controlled. Dyslipidemia noted on labs. LDL elevated at 165 mg/dL.","Follow-up visit. BP improved to 145/90 mmHg. Lab results show elevated LDL cholesterol. Creatinine normal. Adding statin therapy. Patient tolerating Concor well. Continue current regimen and add lipid-lowering medication. Next follow-up in 2 weeks.",\N,\N,"""2026-01-01 00:00:00""","""2026-01-31 08:59:29.312000""","Cardiology","""1990-05-15 00:00:00""","O+","Hypertension diagnosed in 2020","Penicillin","House 123, Block A, Gulshan-e-Iqbal, Karachi","MALE","{""id"": 2, ""created_at"": ""2026-01-31T08:59:29.296"", ""medications"": [{""id"": 3, ""drug"": {""id"": 16, ""name"": ""Concor 5mg"", ""strength"": ""5mg"", ""description"": ""Beta-blocker for hypertension and heart failure"", ""dosage_form"": ""Tablet"", ""formula_name"": ""Bisoprolol"", ""chemical_formula"": ""C18H31NO4""}, ""total_days"": 30, ""instructions"": ""Continue as before - morning with breakfast"", ""times_per_day"": 1, ""dose_per_intake"": ""5mg""}, {""id"": 4, ""drug"": {""id"": 15, ""name"": ""Lipitor 20mg"", ""strength"": ""20mg"", ""description"": ""Statin to lower cholesterol"", ""dosage_form"": ""Tablet"", ""formula_name"": ""Atorvastatin"", ""chemical_formula"": ""C33H35FN2O5""}, ""total_days"": 30, ""instructions"": ""Take at bedtime"", ""times_per_day"": 1, ""dose_per_intake"": ""20mg""}, {""id"": 5, ""drug"": {""id"": 17, ""name"": ""Norvasc 5mg"", ""strength"": ""5mg"", ""description"": ""Calcium channel blocker for hypertension"", ""dosage_form"": ""Tablet"", ""formula_name"": ""Amlodipine"", ""chemical_formula"": ""C20H25ClN2O5""}, ""total_days"": 30, ""instructions"": ""Take in the evening for better BP control"", ""times_per_day"": 1, ""dose_per_intake"": ""5mg""}], ""additional_medications"": ""Continue low-salt diet, start 30 min daily walking""}","{""id"": 2, ""created_at"": ""2026-01-31T08:59:29.304"", ""additional_tests"": null, ""recommended_tests"": []}","[]","[]","[""Feeling better after starting medication. Less chest discomfort. Still occasional morning headaches.""]","[""Essential Hypertension - partially controlled. Dyslipidemia noted on labs. LDL elevated at 165 mg/dL.""]","[""Follow-up visit. BP improved to 145/90 mmHg. Lab results show elevated LDL cholesterol. Creatinine normal. Adding statin therapy. Patient tolerating Concor well. Continue current regimen and add lipid-lowering medication. Next follow-up in 2 weeks.""]","{""systolic"": ""145"", ""diastolic"": ""90"", ""original"": ""145/90""}","{""resourceType"": ""Bundle"", ""type"": ""collection"", ""timestamp"": ""2026-01-01T00:00:00+00:00"", ""entry"": [{""resource"": {""resourceType"": ""Patient"", ""id"": ""patient-2"", ""gender"": ""male"", ""birthDate"": ""1990-05-15"", ""address"": [{""text"": ""House 123, Block A, Gulshan-e-Iqbal, Karachi""}], ""extension"": [{""url"": ""http://example.org/fhir/StructureDefinition/blood-group"", ""valueString"": ""O+""}]}}, {""resource"": {""resourceType"": ""AllergyIntolerance"", ""patient"": {""reference"": ""Patient/patient-2""}, ""clinicalStatus"": {""coding"": [{""code"": ""active""}]}, ""code"": {""text"": ""Penicillin""}}}, {""resource"": {""resourceType"": ""Condition"", ""subject"": {""reference"": ""Patient/patient-2""}, ""clinicalStatus"": {""text"": ""resolved""}, ""category"": [{""text"": ""Medical History""}], ""code"": {""text"": ""Hypertension diagnosed in 2020""}}}, {""resource"": {""resourceType"": ""Encounter"", ""id"": ""2"", ""status"": ""finished"", ""subject"": {""reference"": ""Patient/patient-2""}, ""location"": [{""period"": {""end"": ""2026-01-01T00:00:00+00:00""}}], ""serviceType"": {""text"": ""Cardiology""}}}, {""resource"": {""resourceType"": ""Observation"", ""status"": ""final"", ""code"": {""text"": ""Temperature""}, ""subject"": {""reference"": ""Patient/patient-2""}, ""effectiveDateTime"": ""2026-01-01T00:00:00+00:00"", ""valueString"": ""98.4""}}, {""resource"": {""resourceType"": ""Observation"", ""status"": ""final"", ""code"": {""text"": ""Systolic blood pressure""}, ""subject"": {""reference"": ""Patient/patient-2""}, ""effectiveDateTime"": ""2026-01-01T00:00:00+00:00"", ""valueString"": ""145""}}, {""resource"": {""resourceType"": ""Observation"", ""status"": ""final"", ""code"": {""text"": ""Diastolic blood pressure""}, ""subject"": {""reference"": ""Patient/patient-2""}, ""effectiveDateTime"": ""2026-01-01T00:00:00+00:00"", ""valueString"": ""90""}}, {""resource"": {""resourceType"": ""Observation"", ""status"": ""final"", ""code"": {""text"": ""Blood sugar""}, ""subject"": {""reference"": ""Patient/patient-2""}, ""effectiveDateTime"": ""2026-01-01T00:00:00+00:00"", ""valueString"": ""98""}}, {""resource"": {""resourceType"": ""Observation"", ""status"": ""final"", ""code"": {""text"": ""Heart rate""}, ""subject"": {""reference"": ""Patient/patient-2""}, ""effectiveDateTime"": ""2026-01-01T00:00:00+00:00"", ""valueString"": ""78""}}, {""resource"": {""resourceType"": ""Observation"", ""status"": ""final"", ""code"": {""text"": ""Symptom""}, ""subject"": {""reference"": ""Patient/patient-2""}, ""effectiveDateTime"": ""2026-01-01T00:00:00+00:00"", ""valueString"": ""Feeling better after starting medication. Less chest discomfort. Still occasional morning headaches.""}}, {""resource"": {""resourceType"": ""Condition"", ""subject"": {""reference"": ""Patient/patient-2""}, ""clinicalStatus"": {""text"": ""active""}, ""code"": {""text"": ""Essential Hypertension - partially controlled. Dyslipidemia noted on labs. LDL elevated at 165 mg/dL.""}}}, {""resource"": {""resourceType"": ""DocumentReference"", ""type"": {""text"": ""Clinical note""}, ""status"": ""current"", ""content"": [{""attachment"": {""title"": ""Follow-up visit. BP improved to 145/90 mmHg. Lab results show elevated LDL cholesterol. Creatinine normal. Adding statin therapy. Patient tolerating Concor well. Continue current regimen and add lipid-lowering medication. Next follow-up in 2 weeks.""}}]}}], ""meta"": {""extension"": [{""url"": ""http://example.org/fhir/StructureDefinition/original"", ""valueString"": ""{\""prescription_raw\"": [], \""test_recommendations_raw\"": [], \""notes_raw\"": [\""Follow-up visit. BP improved to 145/90 mmHg. Lab results show elevated LDL cholesterol. Creatinine normal. Adding statin therapy. Patient tolerating Concor well. Continue current regimen and add lipid-lowering medication. Next follow-up in 2 weeks.\""], \""insights_raw\"": null, \""gap_analysis_raw\"": null, \""patient_medical_history_raw\"": \""Hypertension diagnosed in 2020\"", \""patient_allergies_raw\"": \""Penicillin\""}""}]}}","","","INVALID","v2","20260131T170208","2 validation errors for Bundle
entry.3.resource.location.0.location
  Field required [type=missing, input_value={'period': {'end': '2026-01-01T00:00:00+00:00'}}, input_type=dict]
    For further information visit https://errors.pydantic.dev/2.11/v/missing
entry.3.resource.serviceType
  Input should be a valid list [type=list_type, input_value={'text': 'Cardiology'}, input_type=dict]
    For further information visit https://errors.pydantic.dev/2.11/v/list_type","20260131T170145-c7c55663","2025-01-31T16:17:15+05:00","2026-01-31T17:01:23+05:00","2026-01-31 12:02:07.648945","2026-01-31"
"3","128/82","98.6","72","96","No acute symptoms. Here for routine cholesterol monitoring. Father and brother both have coronary artery disease.","Familial Hypercholesterolemia - well controlled on current therapy","Patient on statin therapy for 2 years. Current LDL at 95 mg/dL (down from 220). Continue current medication. Discussed importance of lifestyle modifications. Good compliance with medication.",\N,\N,"""2026-01-01 00:00:00""","""2026-01-31 08:59:29.556000""","Cardiology","""1982-04-25 00:00:00""","B-","High cholesterol, on statin medication","None","House 89, Johar Town, Lahore","MALE","{""id"": 3, ""created_at"": ""2026-01-31T08:59:29.522"", ""medications"": [{""id"": 6, ""drug"": {""id"": 15, ""name"": ""Lipitor 20mg"", ""strength"": ""20mg"", ""description"": ""Statin to lower cholesterol"", ""dosage_form"": ""Tablet"", ""formula_name"": ""Atorvastatin"", ""chemical_formula"": ""C33H35FN2O5""}, ""total_days"": 90, ""instructions"": ""Continue taking at bedtime"", ""times_per_day"": 1, ""dose_per_intake"": ""20mg""}], ""additional_medications"": ""Continue heart-healthy diet, maintain regular exercise""}","{""id"": 3, ""created_at"": ""2026-01-31T08:59:29.538"", ""additional_tests"": ""Follow up with Lipid Profile within 1 week"", ""recommended_tests"": [{""id"": 4, ""lab_test"": {""id"": 2, ""name"": ""Lipid Profile"", ""description"": ""Cholesterol and lipid analysis"", ""department_id"": 1}}]}","[]","[]","[""No acute symptoms. Here for routine cholesterol monitoring. Father and brother both have coronary artery disease.""]","[""Familial Hypercholesterolemia - well controlled on current therapy""]","[""Patient on statin therapy for 2 years. Current LDL at 95 mg/dL (down from 220). Continue current medication. Discussed importance of lifestyle modifications. Good compliance with medication.""]","{""systolic"": ""128"", ""diastolic"": ""82"", ""original"": ""128/82""}","{""resourceType"": ""Bundle"", ""type"": ""collection"", ""timestamp"": ""2026-01-01T00:00:00+00:00"", ""entry"": [{""resource"": {""resourceType"": ""Patient"", ""id"": ""patient-3"", ""gender"": ""male"", ""birthDate"": ""1982-04-25"", ""address"": [{""text"": ""House 89, Johar Town, Lahore""}], ""extension"": [{""url"": ""http://example.org/fhir/StructureDefinition/blood-group"", ""valueString"": ""B-""}]}}, {""resource"": {""resourceType"": ""AllergyIntolerance"", ""patient"": {""reference"": ""Patient/patient-3""}, ""clinicalStatus"": {""coding"": [{""code"": ""active""}]}, ""code"": {""text"": ""None""}}}, {""resource"": {""resourceType"": ""Condition"", ""subject"": {""reference"": ""Patient/patient-3""}, ""clinicalStatus"": {""text"": ""resolved""}, ""category"": [{""text"": ""Medical History""}], ""code"": {""text"": ""High cholesterol""}}}, {""resource"": {""resourceType"": ""Condition"", ""subject"": {""reference"": ""Patient/patient-3""}, ""clinicalStatus"": {""text"": ""resolved""}, ""category"": [{""text"": ""Medical History""}], ""code"": {""text"": ""on statin medication""}}}, {""resource"": {""resourceType"": ""Encounter"", ""id"": ""3"", ""status"": ""finished"", ""subject"": {""reference"": ""Patient/patient-3""}, ""location"": [{""period"": {""end"": ""2026-01-01T00:00:00+00:00""}}], ""serviceType"": {""text"": ""Cardiology""}}}, {""resource"": {""resourceType"": ""Observation"", ""status"": ""final"", ""code"": {""text"": ""Temperature""}, ""subject"": {""reference"": ""Patient/patient-3""}, ""effectiveDateTime"": ""2026-01-01T00:00:00+00:00"", ""valueString"": ""98.6""}}, {""resource"": {""resourceType"": ""Observation"", ""status"": ""final"", ""code"": {""text"": ""Systolic blood pressure""}, ""subject"": {""reference"": ""Patient/patient-3""}, ""effectiveDateTime"": ""2026-01-01T00:00:00+00:00"", ""valueString"": ""128""}}, {""resource"": {""resourceType"": ""Observation"", ""status"": ""final"", ""code"": {""text"": ""Diastolic blood pressure""}, ""subject"": {""reference"": ""Patient/patient-3""}, ""effectiveDateTime"": ""2026-01-01T00:00:00+00:00"", ""valueString"": ""82""}}, {""resource"": {""resourceType"": ""Observation"", ""status"": ""final"", ""code"": {""text"": ""Blood sugar""}, ""subject"": {""reference"": ""Patient/patient-3""}, ""effectiveDateTime"": ""2026-01-01T00:00:00+00:00"", ""valueString"": ""96""}}, {""resource"": {""resourceType"": ""Observation"", ""status"": ""final"", ""code"": {""text"": ""Heart rate""}, ""subject"": {""reference"": ""Patient/patient-3""}, ""effectiveDateTime"": ""2026-01-01T00:00:00+00:00"", ""valueString"": ""72""}}, {""resource"": {""resourceType"": ""Observation"", ""status"": ""final"", ""code"": {""text"": ""Symptom""}, ""subject"": {""reference"": ""Patient/patient-3""}, ""effectiveDateTime"": ""2026-01-01T00:00:00+00:00"", ""valueString"": ""No acute symptoms. Here for routine cholesterol monitoring. Father and brother both have coronary artery disease.""}}, {""resource"": {""resourceType"": ""Condition"", ""subject"": {""reference"": ""Patient/patient-3""}, ""clinicalStatus"": {""text"": ""active""}, ""code"": {""text"": ""Familial Hypercholesterolemia - well controlled on current therapy""}}}, {""resource"": {""resourceType"": ""DocumentReference"", ""type"": {""text"": ""Clinical note""}, ""status"": ""current"", ""content"": [{""attachment"": {""title"": ""Patient on statin therapy for 2 years. Current LDL at 95 mg/dL (down from 220). Continue current medication. Discussed importance of lifestyle modifications. Good compliance with medication.""}}]}}], ""meta"": {""extension"": [{""url"": ""http://example.org/fhir/StructureDefinition/original"", ""valueString"": ""{\""prescription_raw\"": [], \""test_recommendations_raw\"": [], \""notes_raw\"": [\""Patient on statin therapy for 2 years. Current LDL at 95 mg/dL (down from 220). Continue current medication. Discussed importance of lifestyle modifications. Good compliance with medication.\""], \""insights_raw\"": null, \""gap_analysis_raw\"": null, \""patient_medical_history_raw\"": \""High cholesterol, on statin medication\"", \""patient_allergies_raw\"": \""None\""}""}]}}","","","INVALID","v2","20260131T170208","2 validation errors for Bundle
entry.4.resource.location.0.location
  Field required [type=missing, input_value={'period': {'end': '2026-01-01T00:00:00+00:00'}}, input_type=dict]
    For further information visit https://errors.pydantic.dev/2.11/v/missing
entry.4.resource.serviceType
  Input should be a valid list [type=list_type, input_value={'text': 'Cardiology'}, input_type=dict]
    For further information visit https://errors.pydantic.dev/2.11/v/list_type","20260131T170145-c7c55663","2025-01-31T16:17:15+05:00","2026-01-31T17:01:23+05:00","2026-01-31 12:02:07.648945","2026-01-31"
"4","138/86","98.4","76","165","Occasional fatigue, no chest pain. Diabetic for 9 years. Father had heart attack at 65. Here for cardiac risk assessment.","Type 2 Diabetes Mellitus with high cardiovascular risk. No evidence of coronary artery disease at present.","Comprehensive cardiac evaluation done. ECG normal. BP slightly elevated at 138/86. Started on ACE inhibitor for cardiac protection given diabetic status. Advised strict diabetes control.",\N,\N,"""2026-01-01 00:00:00""","""2026-01-31 08:59:29.689000""","Cardiology","""1978-12-10 00:00:00""","B+","Type 2 diabetes since 2015, controlled with medication","Sulfa drugs, shellfish","House 78, Sector F-11, Islamabad","MALE","{""id"": 4, ""created_at"": ""2026-01-31T08:59:29.664"", ""medications"": [{""id"": 7, ""drug"": {""id"": 18, ""name"": ""Aprovel 150mg"", ""strength"": ""150mg"", ""description"": ""Angiotensin receptor blocker for hypertension"", ""dosage_form"": ""Tablet"", ""formula_name"": ""Irbesartan"", ""chemical_formula"": ""C25H28N6O""}, ""total_days"": 30, ""instructions"": ""Take in the morning for cardiac protection"", ""times_per_day"": 1, ""dose_per_intake"": ""150mg""}, {""id"": 8, ""drug"": {""id"": 14, ""name"": ""Lipitor 10mg"", ""strength"": ""10mg"", ""description"": ""Statin to lower cholesterol"", ""dosage_form"": ""Tablet"", ""formula_name"": ""Atorvastatin"", ""chemical_formula"": ""C33H35FN2O5""}, ""total_days"": 30, ""instructions"": ""Take at bedtime"", ""times_per_day"": 1, ""dose_per_intake"": ""10mg""}], ""additional_medications"": ""Continue diabetes medications as prescribed by endocrinologist, strict BP monitoring at home""}","{""id"": 4, ""created_at"": ""2026-01-31T08:59:29.675"", ""additional_tests"": ""Follow up with Lipid Profile, HbA1c Test, Kidney Function Test within 1 week"", ""recommended_tests"": [{""id"": 5, ""lab_test"": {""id"": 2, ""name"": ""Lipid Profile"", ""description"": ""Cholesterol and lipid analysis"", ""department_id"": 1}}, {""id"": 7, ""lab_test"": {""id"": 5, ""name"": ""Kidney Function Test"", ""description"": ""Renal function markers"", ""department_id"": 7}}, {""id"": 6, ""lab_test"": {""id"": 8, ""name"": ""HbA1c Test"", ""description"": ""Diabetes monitoring test"", ""department_id"": 7}}]}","[]","[]","[""Occasional fatigue"", ""no chest pain. Diabetic for 9 years. Father had heart attack at 65. Here for cardiac risk assessment.""]","[""Type 2 Diabetes Mellitus with high cardiovascular risk. No evidence of coronary artery disease at present.""]","[""Comprehensive cardiac evaluation done. ECG normal. BP slightly elevated at 138/86. Started on ACE inhibitor for cardiac protection given diabetic status. Advised strict diabetes control.""]","{""systolic"": ""138"", ""diastolic"": ""86"", ""original"": ""138/86""}","{""resourceType"": ""Bundle"", ""type"": ""collection"", ""timestamp"": ""2026-01-01T00:00:00+00:00"", ""entry"": [{""resource"": {""resourceType"": ""Patient"", ""id"": ""patient-4"", ""gender"": ""male"", ""birthDate"": ""1978-12-10"", ""address"": [{""text"": ""House 78, Sector F-11, Islamabad""}], ""extension"": [{""url"": ""http://example.org/fhir/StructureDefinition/blood-group"", ""valueString"": ""B+""}]}}, {""resource"": {""resourceType"": ""AllergyIntolerance"", ""patient"": {""reference"": ""Patient/patient-4""}, ""clinicalStatus"": {""coding"": [{""code"": ""active""}]}, ""code"": {""text"": ""Sulfa drugs""}}}, {""resource"": {""resourceType"": ""AllergyIntolerance"", ""patient"": {""reference"": ""Patient/patient-4""}, ""clinicalStatus"": {""coding"": [{""code"": ""active""}]}, ""code"": {""text"": ""shellfish""}}}, {""resource"": {""resourceType"": ""Condition"", ""subject"": {""reference"": ""Patient/patient-4""}, ""clinicalStatus"": {""text"": ""resolved""}, ""category"": [{""text"": ""Medical History""}], ""code"": {""text"": ""Type 2 diabetes since 2015""}}}, {""resource"": {""resourceType"": ""Condition"", ""subject"": {""reference"": ""Patient/patient-4""}, ""clinicalStatus"": {""text"": ""resolved""}, ""category"": [{""text"": ""Medical History""}], ""code"": {""text"": ""controlled with medication""}}}, {""resource"": {""resourceType"": ""Encounter"", ""id"": ""4"", ""status"": ""finished"", ""subject"": {""reference"": ""Patient/patient-4""}, ""location"": [{""period"": {""end"": ""2026-01-01T00:00:00+00:00""}}], ""serviceType"": {""text"": ""Cardiology""}}}, {""resource"": {""resourceType"": ""Observation"", ""status"": ""final"", ""code"": {""text"": ""Temperature""}, ""subject"": {""reference"": ""Patient/patient-4""}, ""effectiveDateTime"": ""2026-01-01T00:00:00+00:00"", ""valueString"": ""98.4""}}, {""resource"": {""resourceType"": ""Observation"", ""status"": ""final"", ""code"": {""text"": ""Systolic blood pressure""}, ""subject"": {""reference"": ""Patient/patient-4""}, ""effectiveDateTime"": ""2026-01-01T00:00:00+00:00"", ""valueString"": ""138""}}, {""resource"": {""resourceType"": ""Observation"", ""status"": ""final"", ""code"": {""text"": ""Diastolic blood pressure""}, ""subject"": {""reference"": ""Patient/patient-4""}, ""effectiveDateTime"": ""2026-01-01T00:00:00+00:00"", ""valueString"": ""86""}}, {""resource"": {""resourceType"": ""Observation"", ""status"": ""final"", ""code"": {""text"": ""Blood sugar""}, ""subject"": {""reference"": ""Patient/patient-4""}, ""effectiveDateTime"": ""2026-01-01T00:00:00+00:00"", ""valueString"": ""165""}}, {""resource"": {""resourceType"": ""Observation"", ""status"": ""final"", ""code"": {""text"": ""Heart rate""}, ""subject"": {""reference"": ""Patient/patient-4""}, ""effectiveDateTime"": ""2026-01-01T00:00:00+00:00"", ""valueString"": ""76""}}, {""resource"": {""resourceType"": ""Observation"", ""status"": ""final"", ""code"": {""text"": ""Symptom""}, ""subject"": {""reference"": ""Patient/patient-4""}, ""effectiveDateTime"": ""2026-01-01T00:00:00+00:00"", ""valueString"": ""Occasional fatigue""}}, {""resource"": {""resourceType"": ""Observation"", ""status"": ""final"", ""code"": {""text"": ""Symptom""}, ""subject"": {""reference"": ""Patient/patient-4""}, ""effectiveDateTime"": ""2026-01-01T00:00:00+00:00"", ""valueString"": ""no chest pain. Diabetic for 9 years. Father had heart attack at 65. Here for cardiac risk assessment.""}}, {""resource"": {""resourceType"": ""Condition"", ""subject"": {""reference"": ""Patient/patient-4""}, ""clinicalStatus"": {""text"": ""active""}, ""code"": {""text"": ""Type 2 Diabetes Mellitus with high cardiovascular risk. No evidence of coronary artery disease at present.""}}}, {""resource"": {""resourceType"": ""DocumentReference"", ""type"": {""text"": ""Clinical note""}, ""status"": ""current"", ""content"": [{""attachment"": {""title"": ""Comprehensive cardiac evaluation done. ECG normal. BP slightly elevated at 138/86. Started on ACE inhibitor for cardiac protection given diabetic status. Advised strict diabetes control.""}}]}}], ""meta"": {""extension"": [{""url"": ""http://example.org/fhir/StructureDefinition/original"", ""valueString"": ""{\""prescription_raw\"": [], \""test_recommendations_raw\"": [], \""notes_raw\"": [\""Comprehensive cardiac evaluation done. ECG normal. BP slightly elevated at 138/86. Started on ACE inhibitor for cardiac protection given diabetic status. Advised strict diabetes control.\""], \""insights_raw\"": null, \""gap_analysis_raw\"": null, \""patient_medical_history_raw\"": \""Type 2 diabetes since 2015, controlled with medication\"", \""patient_allergies_raw\"": \""Sulfa drugs, shellfish\""}""}]}}","","","INVALID","v2","20260131T170208","2 validation errors for Bundle
entry.5.resource.location.0.location
  Field required [type=missing, input_value={'period': {'end': '2026-01-01T00:00:00+00:00'}}, input_type=dict]
    For further information visit https://errors.pydantic.dev/2.11/v/missing
entry.5.resource.serviceType
  Input should be a valid list [type=list_type, input_value={'text': 'Cardiology'}, input_type=dict]
    For further information visit https://errors.pydantic.dev/2.11/v/list_type","20260131T170145-c7c55663","2025-01-31T16:17:15+05:00","2026-01-31T17:01:23+05:00","2026-01-31 12:02:07.648945","2026-01-31"
"5","122/78","98.6","76","90","Severe throbbing headache on left side for 2 days, preceded by visual disturbances (zigzag lines). Nausea, light sensitivity. History of migraines for 5 years.","Migraine with aura - acute exacerbation","Classic migraine presentation with visual aura. No focal neurological deficits. Advised to maintain headache diary. Started on prophylactic therapy given frequency of episodes (3-4/month).",\N,\N,"""2026-01-01 00:00:00""","""2026-01-31 08:59:29.831000""","Neurology","""1988-11-30 00:00:00""","A-","Migraine headaches, managed with medication","Aspirin","Villa 56, DHA Phase 8, Karachi","FEMALE","{""id"": 5, ""created_at"": ""2026-01-31T08:59:29.808"", ""medications"": [{""id"": 9, ""drug"": {""id"": 3, ""name"": ""Brufen 400mg"", ""strength"": ""400mg"", ""description"": ""Non-steroidal anti-inflammatory drug (NSAID)"", ""dosage_form"": ""Tablet"", ""formula_name"": ""Ibuprofen"", ""chemical_formula"": ""C13H18O2""}, ""total_days"": 5, ""instructions"": ""Take with food at onset of headache"", ""times_per_day"": 2, ""dose_per_intake"": ""400mg""}, {""id"": 10, ""drug"": {""id"": 22, ""name"": ""Motilium 10mg"", ""strength"": ""10mg"", ""description"": ""Anti-emetic and prokinetic"", ""dosage_form"": ""Tablet"", ""formula_name"": ""Domperidone"", ""chemical_formula"": ""C22H24ClN5O2""}, ""total_days"": 5, ""instructions"": ""Take for nausea"", ""times_per_day"": 3, ""dose_per_intake"": ""10mg""}], ""additional_medications"": ""Rest in dark quiet room during attacks, identify and avoid triggers (stress, certain foods)""}","{""id"": 5, ""created_at"": ""2026-01-31T08:59:29.82"", ""additional_tests"": null, ""recommended_tests"": []}","[]","[]","[""Severe throbbing headache on left side for 2 days"", ""preceded by visual disturbances (zigzag lines). Nausea"", ""light sensitivity. History of migraines for 5 years.""]","[""Migraine with aura - acute exacerbation""]","[""Classic migraine presentation with visual aura. No focal neurological deficits. Advised to maintain headache diary. Started on prophylactic therapy given frequency of episodes (3-4/month).""]","{""systolic"": ""122"", ""diastolic"": ""78"", ""original"": ""122/78""}","{""resourceType"": ""Bundle"", ""type"": ""collection"", ""timestamp"": ""2026-01-01T00:00:00+00:00"", ""entry"": [{""resource"": {""resourceType"": ""Patient"", ""id"": ""patient-5"", ""gender"": ""female"", ""birthDate"": ""1988-11-30"", ""address"": [{""text"": ""Villa 56, DHA Phase 8, Karachi""}], ""extension"": [{""url"": ""http://example.org/fhir/StructureDefinition/blood-group"", ""valueString"": ""A-""}]}}, {""resource"": {""resourceType"": ""AllergyIntolerance"", ""patient"": {""reference"": ""Patient/patient-5""}, ""clinicalStatus"": {""coding"": [{""code"": ""active""}]}, ""code"": {""text"": ""Aspirin""}}}, {""resource"": {""resourceType"": ""Condition"", ""subject"": {""reference"": ""Patient/patient-5""}, ""clinicalStatus"": {""text"": ""resolved""}, ""category"": [{""text"": ""Medical History""}], ""code"": {""text"": ""Migraine headaches""}}}, {""resource"": {""resourceType"": ""Condition"", ""subject"": {""reference"": ""Patient/patient-5""}, ""clinicalStatus"": {""text"": ""resolved""}, ""category"": [{""text"": ""Medical History""}], ""code"": {""text"": ""managed with medication""}}}, {""resource"": {""resourceType"": ""Encounter"", ""id"": ""5"", ""status"": ""finished"", ""subject"": {""reference"": ""Patient/patient-5""}, ""location"": [{""period"": {""end"": ""2026-01-01T00:00:00+00:00""}}], ""serviceType"": {""text"": ""Neurology""}}}, {""resource"": {""resourceType"": ""Observation"", ""status"": ""final"", ""code"": {""text"": ""Temperature""}, ""subject"": {""reference"": ""Patient/patient-5""}, ""effectiveDateTime"": ""2026-01-01T00:00:00+00:00"", ""valueString"": ""98.6""}}, {""resource"": {""resourceType"": ""Observation"", ""status"": ""final"", ""code"": {""text"": ""Systolic blood pressure""}, ""subject"": {""reference"": ""Patient/patient-5""}, ""effectiveDateTime"": ""2026-01-01T00:00:00+00:00"", ""valueString"": ""122""}}, {""resource"": {""resourceType"": ""Observation"", ""status"": ""final"", ""code"": {""text"": ""Diastolic blood pressure""}, ""subject"": {""reference"": ""Patient/patient-5""}, ""effectiveDateTime"": ""2026-01-01T00:00:00+00:00"", ""valueString"": ""78""}}, {""resource"": {""resourceType"": ""Observation"", ""status"": ""final"", ""code"": {""text"": ""Blood sugar""}, ""subject"": {""reference"": ""Patient/patient-5""}, ""effectiveDateTime"": ""2026-01-01T00:00:00+00:00"", ""valueString"": ""90""}}, {""resource"": {""resourceType"": ""Observation"", ""status"": ""final"", ""code"": {""text"": ""Heart rate""}, ""subject"": {""reference"": ""Patient/patient-5""}, ""effectiveDateTime"": ""2026-01-01T00:00:00+00:00"", ""valueString"": ""76""}}, {""resource"": {""resourceType"": ""Observation"", ""status"": ""final"", ""code"": {""text"": ""Symptom""}, ""subject"": {""reference"": ""Patient/patient-5""}, ""effectiveDateTime"": ""2026-01-01T00:00:00+00:00"", ""valueString"": ""Severe throbbing headache on left side for 2 days""}}, {""resource"": {""resourceType"": ""Observation"", ""status"": ""final"", ""code"": {""text"": ""Symptom""}, ""subject"": {""reference"": ""Patient/patient-5""}, ""effectiveDateTime"": ""2026-01-01T00:00:00+00:00"", ""valueString"": ""preceded by visual disturbances (zigzag lines). Nausea""}}, {""resource"": {""resourceType"": ""Observation"", ""status"": ""final"", ""code"": {""text"": ""Symptom""}, ""subject"": {""reference"": ""Patient/patient-5""}, ""effectiveDateTime"": ""2026-01-01T00:00:00+00:00"", ""valueString"": ""light sensitivity. History of migraines for 5 years.""}}, {""resource"": {""resourceType"": ""Condition"", ""subject"": {""reference"": ""Patient/patient-5""}, ""clinicalStatus"": {""text"": ""active""}, ""code"": {""text"": ""Migraine with aura - acute exacerbation""}}}, {""resource"": {""resourceType"": ""DocumentReference"", ""type"": {""text"": ""Clinical note""}, ""status"": ""current"", ""content"": [{""attachment"": {""title"": ""Classic migraine presentation with visual aura. No focal neurological deficits. Advised to maintain headache diary. Started on prophylactic therapy given frequency of episodes (3-4/month).""}}]}}], ""meta"": {""extension"": [{""url"": ""http://example.org/fhir/StructureDefinition/original"", ""valueString"": ""{\""prescription_raw\"": [], \""test_recommendations_raw\"": [], \""notes_raw\"": [\""Classic migraine presentation with visual aura. No focal neurological deficits. Advised to maintain headache diary. Started on prophylactic therapy given frequency of episodes (3-4/month).\""], \""insights_raw\"": null, \""gap_analysis_raw\"": null, \""patient_medical_history_raw\"": \""Migraine headaches, managed with medication\"", \""patient_allergies_raw\"": \""Aspirin\""}""}]}}","","","INVALID","v2","20260131T170208","2 validation errors for Bundle
entry.4.resource.location.0.location
  Field required [type=missing, input_value={'period': {'end': '2026-01-01T00:00:00+00:00'}}, input_type=dict]
    For further information visit https://errors.pydantic.dev/2.11/v/missing
entry.4.resource.serviceType
  Input should be a valid list [type=list_type, input_value={'text': 'Neurology'}, input_type=dict]
    For further information visit https://errors.pydantic.dev/2.11/v/list_type","20260131T170145-c7c55663","2025-01-31T16:17:15+05:00","2026-01-31T17:01:23+05:00","2026-01-31 12:02:07.648945","2026-01-31"
"6","118/75","98.6","68","88","Knee feeling stronger. Occasional mild stiffness in the morning. Completed physiotherapy course. Wants clearance for return to sports.","Status post ACL reconstruction - excellent recovery","24-year-old athlete, 6 months post ACL reconstruction. Knee stable on examination. Full range of motion achieved. Lachman test negative. Cleared for gradual return to sports with knee brace.",\N,\N,"""2026-01-01 00:00:00""","""2026-01-31 08:59:29.982000""","Orthopedics","""2000-07-05 00:00:00""","O-","Sports injury - ACL tear in 2022, underwent surgery","None","House 234, Model Town, Lahore","MALE","{""id"": 6, ""created_at"": ""2026-01-31T08:59:29.964"", ""medications"": [{""id"": 11, ""drug"": {""id"": 31, ""name"": ""Calcet D 600mg"", ""strength"": ""600mg + 400IU"", ""description"": ""Calcium and vitamin D supplement"", ""dosage_form"": ""Tablet"", ""formula_name"": ""Calcium Carbonate + Vitamin D3"", ""chemical_formula"": ""CaCO3 + C27H44O""}, ""total_days"": 60, ""instructions"": ""Take with breakfast for bone health"", ""times_per_day"": 1, ""dose_per_intake"": ""1 tablet""}], ""additional_medications"": ""Continue strengthening exercises, use knee brace during sports for next 3 months""}","{""id"": 6, ""created_at"": ""2026-01-31T08:59:29.971"", ""additional_tests"": null, ""recommended_tests"": []}","[]","[]","[""Knee feeling stronger. Occasional mild stiffness in the morning. Completed physiotherapy course. Wants clearance for return to sports.""]","[""Status post ACL reconstruction - excellent recovery""]","[""24-year-old athlete"", ""6 months post ACL reconstruction. Knee stable on examination. Full range of motion achieved. Lachman test negative. Cleared for gradual return to sports with knee brace.""]","{""systolic"": ""118"", ""diastolic"": ""75"", ""original"": ""118/75""}","{""resourceType"": ""Bundle"", ""type"": ""collection"", ""timestamp"": ""2026-01-01T00:00:00+00:00"", ""entry"": [{""resource"": {""resourceType"": ""Patient"", ""id"": ""patient-6"", ""gender"": ""male"", ""birthDate"": ""2000-07-05"", ""address"": [{""text"": ""House 234, Model Town, Lahore""}], ""extension"": [{""url"": ""http://example.org/fhir/StructureDefinition/blood-group"", ""valueString"": ""O-""}]}}, {""resource"": {""resourceType"": ""AllergyIntolerance"", ""patient"": {""reference"": ""Patient/patient-6""}, ""clinicalStatus"": {""coding"": [{""code"": ""active""}]}, ""code"": {""text"": ""None""}}}, {""resource"": {""resourceType"": ""Condition"", ""subject"": {""reference"": ""Patient/patient-6""}, ""clinicalStatus"": {""text"": ""resolved""}, ""category"": [{""text"": ""Medical History""}], ""code"": {""text"": ""Sports injury - ACL tear in 2022""}}}, {""resource"": {""resourceType"": ""Condition"", ""subject"": {""reference"": ""Patient/patient-6""}, ""clinicalStatus"": {""text"": ""resolved""}, ""category"": [{""text"": ""Medical History""}], ""code"": {""text"": ""underwent surgery""}}}, {""resource"": {""resourceType"": ""Encounter"", ""id"": ""6"", ""status"": ""finished"", ""subject"": {""reference"": ""Patient/patient-6""}, ""location"": [{""period"": {""end"": ""2026-01-01T00:00:00+00:00""}}], ""serviceType"": {""text"": ""Orthopedics""}}}, {""resource"": {""resourceType"": ""Observation"", ""status"": ""final"", ""code"": {""text"": ""Temperature""}, ""subject"": {""reference"": ""Patient/patient-6""}, ""effectiveDateTime"": ""2026-01-01T00:00:00+00:00"", ""valueString"": ""98.6""}}, {""resource"": {""resourceType"": ""Observation"", ""status"": ""final"", ""code"": {""text"": ""Systolic blood pressure""}, ""subject"": {""reference"": ""Patient/patient-6""}, ""effectiveDateTime"": ""2026-01-01T00:00:00+00:00"", ""valueString"": ""118""}}, {""resource"": {""resourceType"": ""Observation"", ""status"": ""final"", ""code"": {""text"": ""Diastolic blood pressure""}, ""subject"": {""reference"": ""Patient/patient-6""}, ""effectiveDateTime"": ""2026-01-01T00:00:00+00:00"", ""valueString"": ""75""}}, {""resource"": {""resourceType"": ""Observation"", ""status"": ""final"", ""code"": {""text"": ""Blood sugar""}, ""subject"": {""reference"": ""Patient/patient-6""}, ""effectiveDateTime"": ""2026-01-01T00:00:00+00:00"", ""valueString"": ""88""}}, {""resource"": {""resourceType"": ""Observation"", ""status"": ""final"", ""code"": {""text"": ""Heart rate""}, ""subject"": {""reference"": ""Patient/patient-6""}, ""effectiveDateTime"": ""2026-01-01T00:00:00+00:00"", ""valueString"": ""68""}}, {""resource"": {""resourceType"": ""Observation"", ""status"": ""final"", ""code"": {""text"": ""Symptom""}, ""subject"": {""reference"": ""Patient/patient-6""}, ""effectiveDateTime"": ""2026-01-01T00:00:00+00:00"", ""valueString"": ""Knee feeling stronger. Occasional mild stiffness in the morning. Completed physiotherapy course. Wants clearance for return to sports.""}}, {""resource"": {""resourceType"": ""Condition"", ""subject"": {""reference"": ""Patient/patient-6""}, ""clinicalStatus"": {""text"": ""active""}, ""code"": {""text"": ""Status post ACL reconstruction - excellent recovery""}}}, {""resource"": {""resourceType"": ""DocumentReference"", ""type"": {""text"": ""Clinical note""}, ""status"": ""current"", ""content"": [{""attachment"": {""title"": ""24-year-old athlete""}}]}}, {""resource"": {""resourceType"": ""DocumentReference"", ""type"": {""text"": ""Clinical note""}, ""status"": ""current"", ""content"": [{""attachment"": {""title"": ""6 months post ACL reconstruction. Knee stable on examination. Full range of motion achieved. Lachman test negative. Cleared for gradual return to sports with knee brace.""}}]}}], ""meta"": {""extension"": [{""url"": ""http://example.org/fhir/StructureDefinition/original"", ""valueString"": ""{\""prescription_raw\"": [], \""test_recommendations_raw\"": [], \""notes_raw\"": [\""24-year-old athlete\"", \""6 months post ACL reconstruction. Knee stable on examination. Full range of motion achieved. Lachman test negative. Cleared for gradual return to sports with knee brace.\""], \""insights_raw\"": null, \""gap_analysis_raw\"": null, \""patient_medical_history_raw\"": \""Sports injury - ACL tear in 2022, underwent surgery\"", \""patient_allergies_raw\"": \""None\""}""}]}}","","","INVALID","v2","20260131T170208","2 validation errors for Bundle
entry.4.resource.location.0.location
  Field required [type=missing, input_value={'period': {'end': '2026-01-01T00:00:00+00:00'}}, input_type=dict]
    For further information visit https://errors.pydantic.dev/2.11/v/missing
entry.4.resource.serviceType
  Input should be a valid list [type=list_type, input_value={'text': 'Orthopedics'}, input_type=dict]
    For further information visit https://errors.pydantic.dev/2.11/v/list_type","20260131T170145-c7c55663","2025-01-31T16:17:15+05:00","2026-01-31T17:01:23+05:00","2026-01-31 12:02:07.648945","2026-01-31"
"7","115/75","98.4","74","92","Irregular periods for past 3 months, heavy bleeding, lower abdominal discomfort. Previous cesarean in 2018.","Dysfunctional uterine bleeding - likely hormonal imbalance","Detailed history taken. Pelvic examination normal. Uterus normal size. Will need ultrasound to rule out structural causes. Started on hormonal therapy for cycle regulation.",\N,\N,"""2026-01-01 00:00:00""","""2026-01-31 08:59:30.076000""","Gynecology","""1985-08-22 00:00:00""","A+","Previous pregnancy complications, cesarean delivery in 2018","None","Flat 45, DHA Phase 5, Karachi","FEMALE","{""id"": 7, ""created_at"": ""2026-01-31T08:59:30.056"", ""medications"": [{""id"": 12, ""drug"": {""id"": 30, ""name"": ""Fefol 150mg"", ""strength"": ""150mg + 0.5mg"", ""description"": ""Iron supplement for anemia"", ""dosage_form"": ""Capsule"", ""formula_name"": ""Ferrous Sulfate + Folic Acid"", ""chemical_formula"": ""FeSO4 + C19H19N7O6""}, ""total_days"": 30, ""instructions"": ""Take after breakfast to replenish iron stores"", ""times_per_day"": 1, ""dose_per_intake"": ""1 capsule""}], ""additional_medications"": ""Schedule pelvic ultrasound, maintain menstrual diary""}","{""id"": 7, ""created_at"": ""2026-01-31T08:59:30.067"", ""additional_tests"": ""Follow up with Complete Blood Count (CBC), Thyroid Function Test within 1 week"", ""recommended_tests"": [{""id"": 8, ""lab_test"": {""id"": 1, ""name"": ""Complete Blood Count (CBC)"", ""description"": ""Comprehensive analysis of blood cells"", ""department_id"": 7}}, {""id"": 9, ""lab_test"": {""id"": 7, ""name"": ""Thyroid Function Test"", ""description"": ""Complete thyroid hormone panel"", ""department_id"": 7}}]}","[]","[]","[""Irregular periods for past 3 months"", ""heavy bleeding"", ""lower abdominal discomfort. Previous cesarean in 2018.""]","[""Dysfunctional uterine bleeding - likely hormonal imbalance""]","[""Detailed history taken. Pelvic examination normal. Uterus normal size. Will need ultrasound to rule out structural causes. Started on hormonal therapy for cycle regulation.""]","{""systolic"": ""115"", ""diastolic"": ""75"", ""original"": ""115/75""}","{""resourceType"": ""Bundle"", ""type"": ""collection"", ""timestamp"": ""2026-01-01T00:00:00+00:00"", ""entry"": [{""resource"": {""resourceType"": ""Patient"", ""id"": ""patient-7"", ""gender"": ""female"", ""birthDate"": ""1985-08-22"", ""address"": [{""text"": ""Flat 45, DHA Phase 5, Karachi""}], ""extension"": [{""url"": ""http://example.org/fhir/StructureDefinition/blood-group"", ""valueString"": ""A+""}]}}, {""resource"": {""resourceType"": ""AllergyIntolerance"", ""patient"": {""reference"": ""Patient/patient-7""}, ""clinicalStatus"": {""coding"": [{""code"": ""active""}]}, ""code"": {""text"": ""None""}}}, {""resource"": {""resourceType"": ""Condition"", ""subject"": {""reference"": ""Patient/patient-7""}, ""clinicalStatus"": {""text"": ""resolved""}, ""category"": [{""text"": ""Medical History""}], ""code"": {""text"": ""Previous pregnancy complications""}}}, {""resource"": {""resourceType"": ""Condition"", ""subject"": {""reference"": ""Patient/patient-7""}, ""clinicalStatus"": {""text"": ""resolved""}, ""category"": [{""text"": ""Medical History""}], ""code"": {""text"": ""cesarean delivery in 2018""}}}, {""resource"": {""resourceType"": ""Encounter"", ""id"": ""7"", ""status"": ""finished"", ""subject"": {""reference"": ""Patient/patient-7""}, ""location"": [{""period"": {""end"": ""2026-01-01T00:00:00+00:00""}}], ""serviceType"": {""text"": ""Gynecology""}}}, {""resource"": {""resourceType"": ""Observation"", ""status"": ""final"", ""code"": {""text"": ""Temperature""}, ""subject"": {""reference"": ""Patient/patient-7""}, ""effectiveDateTime"": ""2026-01-01T00:00:00+00:00"", ""valueString"": ""98.4""}}, {""resource"": {""resourceType"": ""Observation"", ""status"": ""final"", ""code"": {""text"": ""Systolic blood pressure""}, ""subject"": {""reference"": ""Patient/patient-7""}, ""effectiveDateTime"": ""2026-01-01T00:00:00+00:00"", ""valueString"": ""115""}}, {""resource"": {""resourceType"": ""Observation"", ""status"": ""final"", ""code"": {""text"": ""Diastolic blood pressure""}, ""subject"": {""reference"": ""Patient/patient-7""}, ""effectiveDateTime"": ""2026-01-01T00:00:00+00:00"", ""valueString"": ""75""}}, {""resource"": {""resourceType"": ""Observation"", ""status"": ""final"", ""code"": {""text"": ""Blood sugar""}, ""subject"": {""reference"": ""Patient/patient-7""}, ""effectiveDateTime"": ""2026-01-01T00:00:00+00:00"", ""valueString"": ""92""}}, {""resource"": {""resourceType"": ""Observation"", ""status"": ""final"", ""code"": {""text"": ""Heart rate""}, ""subject"": {""reference"": ""Patient/patient-7""}, ""effectiveDateTime"": ""2026-01-01T00:00:00+00:00"", ""valueString"": ""74""}}, {""resource"": {""resourceType"": ""Observation"", ""status"": ""final"", ""code"": {""text"": ""Symptom""}, ""subject"": {""reference"": ""Patient/patient-7""}, ""effectiveDateTime"": ""2026-01-01T00:00:00+00:00"", ""valueString"": ""Irregular periods for past 3 months""}}, {""resource"": {""resourceType"": ""Observation"", ""status"": ""final"", ""code"": {""text"": ""Symptom""}, ""subject"": {""reference"": ""Patient/patient-7""}, ""effectiveDateTime"": ""2026-01-01T00:00:00+00:00"", ""valueString"": ""heavy bleeding""}}, {""resource"": {""resourceType"": ""Observation"", ""status"": ""final"", ""code"": {""text"": ""Symptom""}, ""subject"": {""reference"": ""Patient/patient-7""}, ""effectiveDateTime"": ""2026-01-01T00:00:00+00:00"", ""valueString"": ""lower abdominal discomfort. Previous cesarean in 2018.""}}, {""resource"": {""resourceType"": ""Condition"", ""subject"": {""reference"": ""Patient/patient-7""}, ""clinicalStatus"": {""text"": ""active""}, ""code"": {""text"": ""Dysfunctional uterine bleeding - likely hormonal imbalance""}}}, {""resource"": {""resourceType"": ""DocumentReference"", ""type"": {""text"": ""Clinical note""}, ""status"": ""current"", ""content"": [{""attachment"": {""title"": ""Detailed history taken. Pelvic examination normal. Uterus normal size. Will need ultrasound to rule out structural causes. Started on hormonal therapy for cycle regulation.""}}]}}], ""meta"": {""extension"": [{""url"": ""http://example.org/fhir/StructureDefinition/original"", ""valueString"": ""{\""prescription_raw\"": [], \""test_recommendations_raw\"": [], \""notes_raw\"": [\""Detailed history taken. Pelvic examination normal. Uterus normal size. Will need ultrasound to rule out structural causes. Started on hormonal therapy for cycle regulation.\""], \""insights_raw\"": null, \""gap_analysis_raw\"": null, \""patient_medical_history_raw\"": \""Previous pregnancy complications, cesarean delivery in 2018\"", \""patient_allergies_raw\"": \""None\""}""}]}}","","","INVALID","v2","20260131T170208","2 validation errors for Bundle
entry.4.resource.location.0.location
  Field required [type=missing, input_value={'period': {'end': '2026-01-01T00:00:00+00:00'}}, input_type=dict]
    For further information visit https://errors.pydantic.dev/2.11/v/missing
entry.4.resource.serviceType
  Input should be a valid list [type=list_type, input_value={'text': 'Gynecology'}, input_type=dict]
    For further information visit https://errors.pydantic.dev/2.11/v/list_type","20260131T170145-c7c55663","2025-01-31T16:17:15+05:00","2026-01-31T17:01:23+05:00","2026-01-31 12:02:07.648945","2026-01-31"
"8","112/72","98.6","82","88","Increased use of rescue inhaler over past week. Wheezing at night. Seasonal change triggering symptoms.","Bronchial Asthma - mild persistent, seasonal exacerbation","Patient known asthmatic since childhood. Peak flow reduced to 80% of personal best. Seasonal allergies contributing. Stepped up controller therapy.",\N,\N,"""2026-01-01 00:00:00""","""2026-01-31 08:59:30.159000""","Pediatrics","""1995-03-18 00:00:00""","AB+","Asthma since childhood, uses inhaler","Latex, pollen","Apartment 12, Bahria Town Phase 4, Rawalpindi","FEMALE","{""id"": 8, ""created_at"": ""2026-01-31T08:59:30.136"", ""medications"": [{""id"": 13, ""drug"": {""id"": 24, ""name"": ""Montair 10mg"", ""strength"": ""10mg"", ""description"": ""Leukotriene receptor antagonist for asthma"", ""dosage_form"": ""Tablet"", ""formula_name"": ""Montelukast"", ""chemical_formula"": ""C35H36ClNO3S""}, ""total_days"": 30, ""instructions"": ""Take at bedtime regularly"", ""times_per_day"": 1, ""dose_per_intake"": ""10mg""}, {""id"": 14, ""drug"": {""id"": 25, ""name"": ""Zyrtec 10mg"", ""strength"": ""10mg"", ""description"": ""Antihistamine for allergic conditions"", ""dosage_form"": ""Tablet"", ""formula_name"": ""Cetirizine"", ""chemical_formula"": ""C21H25ClN2O3""}, ""total_days"": 14, ""instructions"": ""Take at bedtime for allergy symptoms"", ""times_per_day"": 1, ""dose_per_intake"": ""10mg""}], ""additional_medications"": ""Continue Ventolin inhaler as rescue, avoid outdoor activities during high pollen days""}","{""id"": 8, ""created_at"": ""2026-01-31T08:59:30.145"", ""additional_tests"": null, ""recommended_tests"": []}","[]","[]","[""Increased use of rescue inhaler over past week. Wheezing at night. Seasonal change triggering symptoms.""]","[""Bronchial Asthma - mild persistent"", ""seasonal exacerbation""]","[""Patient known asthmatic since childhood. Peak flow reduced to 80% of personal best. Seasonal allergies contributing. Stepped up controller therapy.""]","{""systolic"": ""112"", ""diastolic"": ""72"", ""original"": ""112/72""}","{""resourceType"": ""Bundle"", ""type"": ""collection"", ""timestamp"": ""2026-01-01T00:00:00+00:00"", ""entry"": [{""resource"": {""resourceType"": ""Patient"", ""id"": ""patient-8"", ""gender"": ""female"", ""birthDate"": ""1995-03-18"", ""address"": [{""text"": ""Apartment 12, Bahria Town Phase 4, Rawalpindi""}], ""extension"": [{""url"": ""http://example.org/fhir/StructureDefinition/blood-group"", ""valueString"": ""AB+""}]}}, {""resource"": {""resourceType"": ""AllergyIntolerance"", ""patient"": {""reference"": ""Patient/patient-8""}, ""clinicalStatus"": {""coding"": [{""code"": ""active""}]}, ""code"": {""text"": ""Latex""}}}, {""resource"": {""resourceType"": ""AllergyIntolerance"", ""patient"": {""reference"": ""Patient/patient-8""}, ""clinicalStatus"": {""coding"": [{""code"": ""active""}]}, ""code"": {""text"": ""pollen""}}}, {""resource"": {""resourceType"": ""Condition"", ""subject"": {""reference"": ""Patient/patient-8""}, ""clinicalStatus"": {""text"": ""resolved""}, ""category"": [{""text"": ""Medical History""}], ""code"": {""text"": ""Asthma since childhood""}}}, {""resource"": {""resourceType"": ""Condition"", ""subject"": {""reference"": ""Patient/patient-8""}, ""clinicalStatus"": {""text"": ""resolved""}, ""category"": [{""text"": ""Medical History""}], ""code"": {""text"": ""uses inhaler""}}}, {""resource"": {""resourceType"": ""Encounter"", ""id"": ""8"", ""status"": ""finished"", ""subject"": {""reference"": ""Patient/patient-8""}, ""location"": [{""period"": {""end"": ""2026-01-01T00:00:00+00:00""}}], ""serviceType"": {""text"": ""Pediatrics""}}}, {""resource"": {""resourceType"": ""Observation"", ""status"": ""final"", ""code"": {""text"": ""Temperature""}, ""subject"": {""reference"": ""Patient/patient-8""}, ""effectiveDateTime"": ""2026-01-01T00:00:00+00:00"", ""valueString"": ""98.6""}}, {""resource"": {""resourceType"": ""Observation"", ""status"": ""final"", ""code"": {""text"": ""Systolic blood pressure""}, ""subject"": {""reference"": ""Patient/patient-8""}, ""effectiveDateTime"": ""2026-01-01T00:00:00+00:00"", ""valueString"": ""112""}}, {""resource"": {""resourceType"": ""Observation"", ""status"": ""final"", ""code"": {""text"": ""Diastolic blood pressure""}, ""subject"": {""reference"": ""Patient/patient-8""}, ""effectiveDateTime"": ""2026-01-01T00:00:00+00:00"", ""valueString"": ""72""}}, {""resource"": {""resourceType"": ""Observation"", ""status"": ""final"", ""code"": {""text"": ""Blood sugar""}, ""subject"": {""reference"": ""Patient/patient-8""}, ""effectiveDateTime"": ""2026-01-01T00:00:00+00:00"", ""valueString"": ""88""}}, {""resource"": {""resourceType"": ""Observation"", ""status"": ""final"", ""code"": {""text"": ""Heart rate""}, ""subject"": {""reference"": ""Patient/patient-8""}, ""effectiveDateTime"": ""2026-01-01T00:00:00+00:00"", ""valueString"": ""82""}}, {""resource"": {""resourceType"": ""Observation"", ""status"": ""final"", ""code"": {""text"": ""Symptom""}, ""subject"": {""reference"": ""Patient/patient-8""}, ""effectiveDateTime"": ""2026-01-01T00:00:00+00:00"", ""valueString"": ""Increased use of rescue inhaler over past week. Wheezing at night. Seasonal change triggering symptoms.""}}, {""resource"": {""resourceType"": ""Condition"", ""subject"": {""reference"": ""Patient/patient-8""}, ""clinicalStatus"": {""text"": ""active""}, ""code"": {""text"": ""Bronchial Asthma - mild persistent""}}}, {""resource"": {""resourceType"": ""Condition"", ""subject"": {""reference"": ""Patient/patient-8""}, ""clinicalStatus"": {""text"": ""active""}, ""code"": {""text"": ""seasonal exacerbation""}}}, {""resource"": {""resourceType"": ""DocumentReference"", ""type"": {""text"": ""Clinical note""}, ""status"": ""current"", ""content"": [{""attachment"": {""title"": ""Patient known asthmatic since childhood. Peak flow reduced to 80% of personal best. Seasonal allergies contributing. Stepped up controller therapy.""}}]}}], ""meta"": {""extension"": [{""url"": ""http://example.org/fhir/StructureDefinition/original"", ""valueString"": ""{\""prescription_raw\"": [], \""test_recommendations_raw\"": [], \""notes_raw\"": [\""Patient known asthmatic since childhood. Peak flow reduced to 80% of personal best. Seasonal allergies contributing. Stepped up controller therapy.\""], \""insights_raw\"": null, \""gap_analysis_raw\"": null, \""patient_medical_history_raw\"": \""Asthma since childhood, uses inhaler\"", \""patient_allergies_raw\"": \""Latex, pollen\""}""}]}}","","","INVALID","v2","20260131T170208","2 validation errors for Bundle
entry.5.resource.location.0.location
  Field required [type=missing, input_value={'period': {'end': '2026-01-01T00:00:00+00:00'}}, input_type=dict]
    For further information visit https://errors.pydantic.dev/2.11/v/missing
entry.5.resource.serviceType
  Input should be a valid list [type=list_type, input_value={'text': 'Pediatrics'}, input_type=dict]
    For further information visit https://errors.pydantic.dev/2.11/v/list_type","20260131T170145-c7c55663","2025-01-31T16:17:15+05:00","2026-01-31T17:01:23+05:00","2026-01-31 12:02:07.648945","2026-01-31"
"9","132/84","98.6","78","180","Tingling and numbness in both hands for 2 months, worse at night. Known diabetic. Worried about nerve damage.","Diabetic peripheral neuropathy - mild sensory involvement","Clinical examination shows decreased sensation to light touch in glove distribution. Ankle reflexes diminished. Early diabetic neuropathy. Started on B-complex and advised strict glycemic control.",\N,\N,"""2026-01-01 00:00:00""","""2026-01-31 08:59:30.230000""","Neurology","""1978-12-10 00:00:00""","B+","Type 2 diabetes since 2015, controlled with medication","Sulfa drugs, shellfish","House 78, Sector F-11, Islamabad","MALE","{""id"": 9, ""created_at"": ""2026-01-31T08:59:30.212"", ""medications"": [{""id"": 15, ""drug"": {""id"": 29, ""name"": ""Neurobion Forte"", ""strength"": ""B1 100mg + B6 200mg + B12 200mcg"", ""description"": ""Vitamin B complex for nerve health"", ""dosage_form"": ""Tablet"", ""formula_name"": ""Vitamin B Complex"", ""chemical_formula"": ""Various B Vitamins""}, ""total_days"": 90, ""instructions"": ""Take after breakfast"", ""times_per_day"": 1, ""dose_per_intake"": ""1 tablet""}], ""additional_medications"": ""Strict diabetes control is essential. Protect feet from injury. Follow up in 6 weeks.""}","{""id"": 9, ""created_at"": ""2026-01-31T08:59:30.22"", ""additional_tests"": ""Follow up with HbA1c Test, Electrolyte Panel within 1 week"", ""recommended_tests"": [{""id"": 10, ""lab_test"": {""id"": 8, ""name"": ""HbA1c Test"", ""description"": ""Diabetes monitoring test"", ""department_id"": 7}}, {""id"": 11, ""lab_test"": {""id"": 9, ""name"": ""Electrolyte Panel"", ""description"": ""Serum electrolyte measurement"", ""department_id"": 7}}]}","[]","[]","[""Tingling and numbness in both hands for 2 months"", ""worse at night. Known diabetic. Worried about nerve damage.""]","[""Diabetic peripheral neuropathy - mild sensory involvement""]","[""Clinical examination shows decreased sensation to light touch in glove distribution. Ankle reflexes diminished. Early diabetic neuropathy. Started on B-complex and advised strict glycemic control.""]","{""systolic"": ""132"", ""diastolic"": ""84"", ""original"": ""132/84""}","{""resourceType"": ""Bundle"", ""type"": ""collection"", ""timestamp"": ""2026-01-01T00:00:00+00:00"", ""entry"": [{""resource"": {""resourceType"": ""Patient"", ""id"": ""patient-9"", ""gender"": ""male"", ""birthDate"": ""1978-12-10"", ""address"": [{""text"": ""House 78, Sector F-11, Islamabad""}], ""extension"": [{""url"": ""http://example.org/fhir/StructureDefinition/blood-group"", ""valueString"": ""B+""}]}}, {""resource"": {""resourceType"": ""AllergyIntolerance"", ""patient"": {""reference"": ""Patient/patient-9""}, ""clinicalStatus"": {""coding"": [{""code"": ""active""}]}, ""code"": {""text"": ""Sulfa drugs""}}}, {""resource"": {""resourceType"": ""AllergyIntolerance"", ""patient"": {""reference"": ""Patient/patient-9""}, ""clinicalStatus"": {""coding"": [{""code"": ""active""}]}, ""code"": {""text"": ""shellfish""}}}, {""resource"": {""resourceType"": ""Condition"", ""subject"": {""reference"": ""Patient/patient-9""}, ""clinicalStatus"": {""text"": ""resolved""}, ""category"": [{""text"": ""Medical History""}], ""code"": {""text"": ""Type 2 diabetes since 2015""}}}, {""resource"": {""resourceType"": ""Condition"", ""subject"": {""reference"": ""Patient/patient-9""}, ""clinicalStatus"": {""text"": ""resolved""}, ""category"": [{""text"": ""Medical History""}], ""code"": {""text"": ""controlled with medication""}}}, {""resource"": {""resourceType"": ""Encounter"", ""id"": ""9"", ""status"": ""finished"", ""subject"": {""reference"": ""Patient/patient-9""}, ""location"": [{""period"": {""end"": ""2026-01-01T00:00:00+00:00""}}], ""serviceType"": {""text"": ""Neurology""}}}, {""resource"": {""resourceType"": ""Observation"", ""status"": ""final"", ""code"": {""text"": ""Temperature""}, ""subject"": {""reference"": ""Patient/patient-9""}, ""effectiveDateTime"": ""2026-01-01T00:00:00+00:00"", ""valueString"": ""98.6""}}, {""resource"": {""resourceType"": ""Observation"", ""status"": ""final"", ""code"": {""text"": ""Systolic blood pressure""}, ""subject"": {""reference"": ""Patient/patient-9""}, ""effectiveDateTime"": ""2026-01-01T00:00:00+00:00"", ""valueString"": ""132""}}, {""resource"": {""resourceType"": ""Observation"", ""status"": ""final"", ""code"": {""text"": ""Diastolic blood pressure""}, ""subject"": {""reference"": ""Patient/patient-9""}, ""effectiveDateTime"": ""2026-01-01T00:00:00+00:00"", ""valueString"": ""84""}}, {""resource"": {""resourceType"": ""Observation"", ""status"": ""final"", ""code"": {""text"": ""Blood sugar""}, ""subject"": {""reference"": ""Patient/patient-9""}, ""effectiveDateTime"": ""2026-01-01T00:00:00+00:00"", ""valueString"": ""180""}}, {""resource"": {""resourceType"": ""Observation"", ""status"": ""final"", ""code"": {""text"": ""Heart rate""}, ""subject"": {""reference"": ""Patient/patient-9""}, ""effectiveDateTime"": ""2026-01-01T00:00:00+00:00"", ""valueString"": ""78""}}, {""resource"": {""resourceType"": ""Observation"", ""status"": ""final"", ""code"": {""text"": ""Symptom""}, ""subject"": {""reference"": ""Patient/patient-9""}, ""effectiveDateTime"": ""2026-01-01T00:00:00+00:00"", ""valueString"": ""Tingling and numbness in both hands for 2 months""}}, {""resource"": {""resourceType"": ""Observation"", ""status"": ""final"", ""code"": {""text"": ""Symptom""}, ""subject"": {""reference"": ""Patient/patient-9""}, ""effectiveDateTime"": ""2026-01-01T00:00:00+00:00"", ""valueString"": ""worse at night. Known diabetic. Worried about nerve damage.""}}, {""resource"": {""resourceType"": ""Condition"", ""subject"": {""reference"": ""Patient/patient-9""}, ""clinicalStatus"": {""text"": ""active""}, ""code"": {""text"": ""Diabetic peripheral neuropathy - mild sensory involvement""}}}, {""resource"": {""resourceType"": ""DocumentReference"", ""type"": {""text"": ""Clinical note""}, ""status"": ""current"", ""content"": [{""attachment"": {""title"": ""Clinical examination shows decreased sensation to light touch in glove distribution. Ankle reflexes diminished. Early diabetic neuropathy. Started on B-complex and advised strict glycemic control.""}}]}}], ""meta"": {""extension"": [{""url"": ""http://example.org/fhir/StructureDefinition/original"", ""valueString"": ""{\""prescription_raw\"": [], \""test_recommendations_raw\"": [], \""notes_raw\"": [\""Clinical examination shows decreased sensation to light touch in glove distribution. Ankle reflexes diminished. Early diabetic neuropathy. Started on B-complex and advised strict glycemic control.\""], \""insights_raw\"": null, \""gap_analysis_raw\"": null, \""patient_medical_history_raw\"": \""Type 2 diabetes since 2015, controlled with medication\"", \""patient_allergies_raw\"": \""Sulfa drugs, shellfish\""}""}]}}","","","INVALID","v2","20260131T170208","2 validation errors for Bundle
entry.5.resource.location.0.location
  Field required [type=missing, input_value={'period': {'end': '2026-01-01T00:00:00+00:00'}}, input_type=dict]
    For further information visit https://errors.pydantic.dev/2.11/v/missing
entry.5.resource.serviceType
  Input should be a valid list [type=list_type, input_value={'text': 'Neurology'}, input_type=dict]
    For further information visit https://errors.pydantic.dev/2.11/v/list_type","20260131T170145-c7c55663","2025-01-31T16:17:15+05:00","2026-01-31T17:01:23+05:00","2026-01-31 12:02:07.648945","2026-01-31"
"10","124/80","98.6","76","94","Lower back pain for 3 weeks, now radiating to right leg. Pain worse on sitting. No weakness or bladder issues.","Lumbar radiculopathy - likely L4-L5 disc involvement","Straight leg raise positive at 45 degrees. No motor weakness. Sensory intact. Conservative management first. Will need MRI if no improvement in 2 weeks.",\N,\N,"""2026-01-01 00:00:00""","""2026-01-31 08:59:30.309000""","Orthopedics","""1982-04-25 00:00:00""","B-","High cholesterol, on statin medication","None","House 89, Johar Town, Lahore","MALE","{""id"": 10, ""created_at"": ""2026-01-31T08:59:30.294"", ""medications"": [{""id"": 16, ""drug"": {""id"": 4, ""name"": ""Ponstan 500mg"", ""strength"": ""500mg"", ""description"": ""NSAID for pain relief"", ""dosage_form"": ""Capsule"", ""formula_name"": ""Mefenamic Acid"", ""chemical_formula"": ""C15H15NO2""}, ""total_days"": 7, ""instructions"": ""Take after meals"", ""times_per_day"": 2, ""dose_per_intake"": ""500mg""}, {""id"": 17, ""drug"": {""id"": 29, ""name"": ""Neurobion Forte"", ""strength"": ""B1 100mg + B6 200mg + B12 200mcg"", ""description"": ""Vitamin B complex for nerve health"", ""dosage_form"": ""Tablet"", ""formula_name"": ""Vitamin B Complex"", ""chemical_formula"": ""Various B Vitamins""}, ""total_days"": 30, ""instructions"": ""Take after breakfast for nerve health"", ""times_per_day"": 1, ""dose_per_intake"": ""1 tablet""}], ""additional_medications"": ""Hot fomentation, avoid lifting heavy weights, sleep on firm mattress""}","{""id"": 10, ""created_at"": ""2026-01-31T08:59:30.301"", ""additional_tests"": null, ""recommended_tests"": []}","[]","[]","[""Lower back pain for 3 weeks"", ""now radiating to right leg. Pain worse on sitting. No weakness or bladder issues.""]","[""Lumbar radiculopathy - likely L4-L5 disc involvement""]","[""Straight leg raise positive at 45 degrees. No motor weakness. Sensory intact. Conservative management first. Will need MRI if no improvement in 2 weeks.""]","{""systolic"": ""124"", ""diastolic"": ""80"", ""original"": ""124/80""}","{""resourceType"": ""Bundle"", ""type"": ""collection"", ""timestamp"": ""2026-01-01T00:00:00+00:00"", ""entry"": [{""resource"": {""resourceType"": ""Patient"", ""id"": ""patient-10"", ""gender"": ""male"", ""birthDate"": ""1982-04-25"", ""address"": [{""text"": ""House 89, Johar Town, Lahore""}], ""extension"": [{""url"": ""http://example.org/fhir/StructureDefinition/blood-group"", ""valueString"": ""B-""}]}}, {""resource"": {""resourceType"": ""AllergyIntolerance"", ""patient"": {""reference"": ""Patient/patient-10""}, ""clinicalStatus"": {""coding"": [{""code"": ""active""}]}, ""code"": {""text"": ""None""}}}, {""resource"": {""resourceType"": ""Condition"", ""subject"": {""reference"": ""Patient/patient-10""}, ""clinicalStatus"": {""text"": ""resolved""}, ""category"": [{""text"": ""Medical History""}], ""code"": {""text"": ""High cholesterol""}}}, {""resource"": {""resourceType"": ""Condition"", ""subject"": {""reference"": ""Patient/patient-10""}, ""clinicalStatus"": {""text"": ""resolved""}, ""category"": [{""text"": ""Medical History""}], ""code"": {""text"": ""on statin medication""}}}, {""resource"": {""resourceType"": ""Encounter"", ""id"": ""10"", ""status"": ""finished"", ""subject"": {""reference"": ""Patient/patient-10""}, ""location"": [{""period"": {""end"": ""2026-01-01T00:00:00+00:00""}}], ""serviceType"": {""text"": ""Orthopedics""}}}, {""resource"": {""resourceType"": ""Observation"", ""status"": ""final"", ""code"": {""text"": ""Temperature""}, ""subject"": {""reference"": ""Patient/patient-10""}, ""effectiveDateTime"": ""2026-01-01T00:00:00+00:00"", ""valueString"": ""98.6""}}, {""resource"": {""resourceType"": ""Observation"", ""status"": ""final"", ""code"": {""text"": ""Systolic blood pressure""}, ""subject"": {""reference"": ""Patient/patient-10""}, ""effectiveDateTime"": ""2026-01-01T00:00:00+00:00"", ""valueString"": ""124""}}, {""resource"": {""resourceType"": ""Observation"", ""status"": ""final"", ""code"": {""text"": ""Diastolic blood pressure""}, ""subject"": {""reference"": ""Patient/patient-10""}, ""effectiveDateTime"": ""2026-01-01T00:00:00+00:00"", ""valueString"": ""80""}}, {""resource"": {""resourceType"": ""Observation"", ""status"": ""final"", ""code"": {""text"": ""Blood sugar""}, ""subject"": {""reference"": ""Patient/patient-10""}, ""effectiveDateTime"": ""2026-01-01T00:00:00+00:00"", ""valueString"": ""94""}}, {""resource"": {""resourceType"": ""Observation"", ""status"": ""final"", ""code"": {""text"": ""Heart rate""}, ""subject"": {""reference"": ""Patient/patient-10""}, ""effectiveDateTime"": ""2026-01-01T00:00:00+00:00"", ""valueString"": ""76""}}, {""resource"": {""resourceType"": ""Observation"", ""status"": ""final"", ""code"": {""text"": ""Symptom""}, ""subject"": {""reference"": ""Patient/patient-10""}, ""effectiveDateTime"": ""2026-01-01T00:00:00+00:00"", ""valueString"": ""Lower back pain for 3 weeks""}}, {""resource"": {""resourceType"": ""Observation"", ""status"": ""final"", ""code"": {""text"": ""Symptom""}, ""subject"": {""reference"": ""Patient/patient-10""}, ""effectiveDateTime"": ""2026-01-01T00:00:00+00:00"", ""valueString"": ""now radiating to right leg. Pain worse on sitting. No weakness or bladder issues.""}}, {""resource"": {""resourceType"": ""Condition"", ""subject"": {""reference"": ""Patient/patient-10""}, ""clinicalStatus"": {""text"": ""active""}, ""code"": {""text"": ""Lumbar radiculopathy - likely L4-L5 disc involvement""}}}, {""resource"": {""resourceType"": ""DocumentReference"", ""type"": {""text"": ""Clinical note""}, ""status"": ""current"", ""content"": [{""attachment"": {""title"": ""Straight leg raise positive at 45 degrees. No motor weakness. Sensory intact. Conservative management first. Will need MRI if no improvement in 2 weeks.""}}]}}], ""meta"": {""extension"": [{""url"": ""http://example.org/fhir/StructureDefinition/original"", ""valueString"": ""{\""prescription_raw\"": [], \""test_recommendations_raw\"": [], \""notes_raw\"": [\""Straight leg raise positive at 45 degrees. No motor weakness. Sensory intact. Conservative management first. Will need MRI if no improvement in 2 weeks.\""], \""insights_raw\"": null, \""gap_analysis_raw\"": null, \""patient_medical_history_raw\"": \""High cholesterol, on statin medication\"", \""patient_allergies_raw\"": \""None\""}""}]}}","","","INVALID","v2","20260131T170208","2 validation errors for Bundle
entry.4.resource.location.0.location
  Field required [type=missing, input_value={'period': {'end': '2026-01-01T00:00:00+00:00'}}, input_type=dict]
    For further information visit https://errors.pydantic.dev/2.11/v/missing
entry.4.resource.serviceType
  Input should be a valid list [type=list_type, input_value={'text': 'Orthopedics'}, input_type=dict]
    For further information visit https://errors.pydantic.dev/2.11/v/list_type","20260131T170145-c7c55663","2025-01-31T16:17:15+05:00","2026-01-31T17:01:23+05:00","2026-01-31 12:02:07.648945","2026-01-31"
